{"cases":{"MISSING":1914,"NOT_MISSING":2458,"TOTAL":4372,"PERCENT_COMPLETE":0.562214089661482},"deaths":{"MISSING":5,"NOT_MISSING":108,"TOTAL":113,"PERCENT_COMPLETE":0.955752212389381},"tests":{"MISSING":128480,"NOT_MISSING":62405,"TOTAL":190885,"PERCENT_COMPLETE":0.326924588102784}}