{"cases":{"MISSING":127,"NOT_MISSING":773,"TOTAL":900,"PERCENT_COMPLETE":0.858888888888889},"deaths":{"MISSING":3,"NOT_MISSING":26,"TOTAL":29,"PERCENT_COMPLETE":0.896551724137931},"tests":{"MISSING":13996,"NOT_MISSING":15881,"TOTAL":29877,"PERCENT_COMPLETE":0.531546005288349}}