{"cases":{"MISSING":464,"NOT_MISSING":1495,"TOTAL":1959,"PERCENT_COMPLETE":0.763144461459929},"deaths":{"MISSING":1,"NOT_MISSING":34,"TOTAL":35,"PERCENT_COMPLETE":0.971428571428571},"tests":{"MISSING":38814,"NOT_MISSING":22175,"TOTAL":60989,"PERCENT_COMPLETE":0.36359015560183}}