{"cases":{"MISSING":496,"NOT_MISSING":893,"TOTAL":1389,"PERCENT_COMPLETE":0.642908567314615},"deaths":{"MISSING":1,"NOT_MISSING":21,"TOTAL":22,"PERCENT_COMPLETE":0.954545454545455},"tests":{"MISSING":23115,"NOT_MISSING":9493,"TOTAL":32608,"PERCENT_COMPLETE":0.291124877330716}}