{"cases":{"MISSING":282,"NOT_MISSING":1537,"TOTAL":1819,"PERCENT_COMPLETE":0.844969763606377},"deaths":{"MISSING":1,"NOT_MISSING":29,"TOTAL":30,"PERCENT_COMPLETE":0.966666666666667},"tests":{"MISSING":67649,"NOT_MISSING":83433,"TOTAL":151082,"PERCENT_COMPLETE":0.552236533802836}}