{"cases":{"MISSING":2074,"NOT_MISSING":4594,"TOTAL":6668,"PERCENT_COMPLETE":0.688962207558488},"deaths":{"MISSING":1,"NOT_MISSING":31,"TOTAL":32,"PERCENT_COMPLETE":0.96875},"tests":{"MISSING":88056,"NOT_MISSING":49368,"TOTAL":137424,"PERCENT_COMPLETE":0.359238560950052}}