{"cases":{"MISSING":1013,"NOT_MISSING":1626,"TOTAL":2639,"PERCENT_COMPLETE":0.616142478211444},"deaths":{"MISSING":2,"NOT_MISSING":61,"TOTAL":63,"PERCENT_COMPLETE":0.968253968253968},"tests":{"MISSING":59033,"NOT_MISSING":48900,"TOTAL":107933,"PERCENT_COMPLETE":0.453058842059426}}