{"cases":{"MISSING":314,"NOT_MISSING":707,"TOTAL":1021,"PERCENT_COMPLETE":0.692458374142997},"deaths":{"MISSING":2,"NOT_MISSING":5,"TOTAL":7,"PERCENT_COMPLETE":0.714285714285714},"tests":{"MISSING":28233,"NOT_MISSING":38491,"TOTAL":66724,"PERCENT_COMPLETE":0.576868892752233}}