{"cases":{"MISSING":11789,"NOT_MISSING":14708,"TOTAL":26497,"PERCENT_COMPLETE":0.555081707363098},"deaths":{"MISSING":4,"NOT_MISSING":393,"TOTAL":397,"PERCENT_COMPLETE":0.98992443324937},"tests":{"MISSING":409181,"NOT_MISSING":563795,"TOTAL":972976,"PERCENT_COMPLETE":0.579454169475917}}