{"cases":{"MISSING":3103,"NOT_MISSING":3313,"TOTAL":6416,"PERCENT_COMPLETE":0.516365336658354},"deaths":{"MISSING":9,"NOT_MISSING":43,"TOTAL":52,"PERCENT_COMPLETE":0.826923076923077},"tests":{"MISSING":94222,"NOT_MISSING":37854,"TOTAL":132076,"PERCENT_COMPLETE":0.286607710712014}}