{"cases":{"MISSING":658,"NOT_MISSING":1946,"TOTAL":2604,"PERCENT_COMPLETE":0.747311827956989},"deaths":{"MISSING":2,"NOT_MISSING":38,"TOTAL":40,"PERCENT_COMPLETE":0.95},"tests":{"MISSING":132756,"NOT_MISSING":79249,"TOTAL":212005,"PERCENT_COMPLETE":0.373807221527794}}