{"cases":{"MISSING":285,"NOT_MISSING":1718,"TOTAL":2003,"PERCENT_COMPLETE":"85.7713429855217"},"deaths":{"MISSING":2,"NOT_MISSING":53,"TOTAL":55,"PERCENT_COMPLETE":"96.3636363636364"},"tests":{"MISSING":65422,"NOT_MISSING":78083,"TOTAL":143505,"PERCENT_COMPLETE":"54.4113445524546"}}