{"cases":{"MISSING":474,"NOT_MISSING":1489,"TOTAL":1963,"PERCENT_COMPLETE":"75.8532857870606"},"deaths":{"MISSING":1,"NOT_MISSING":38,"TOTAL":39,"PERCENT_COMPLETE":"97.4358974358974"},"tests":{"MISSING":41414,"NOT_MISSING":22034,"TOTAL":63448,"PERCENT_COMPLETE":"34.7276509897869"}}