{"cases":{"MISSING":11350,"NOT_MISSING":14205,"TOTAL":25555,"PERCENT_COMPLETE":"55.5859909998043"},"deaths":{"MISSING":2,"NOT_MISSING":484,"TOTAL":486,"PERCENT_COMPLETE":"99.5884773662551"},"tests":{"MISSING":392287,"NOT_MISSING":544425,"TOTAL":936712,"PERCENT_COMPLETE":"58.1208525138997"}}