{"cases":{"MISSING":11853,"NOT_MISSING":14909,"TOTAL":26762,"PERCENT_COMPLETE":"55.709588222106"},"deaths":{"MISSING":2,"NOT_MISSING":463,"TOTAL":465,"PERCENT_COMPLETE":"99.5698924731183"},"tests":{"MISSING":391669,"NOT_MISSING":544131,"TOTAL":935800,"PERCENT_COMPLETE":"58.1460782218423"}}