{"cases":{"MISSING":181,"NOT_MISSING":409,"TOTAL":590,"PERCENT_COMPLETE":"69.3220338983051"},"deaths":{"MISSING":1,"NOT_MISSING":21,"TOTAL":22,"PERCENT_COMPLETE":"95.4545454545455"},"tests":{"MISSING":10885,"NOT_MISSING":6455,"TOTAL":17340,"PERCENT_COMPLETE":"37.2260668973472"}}