{"cases":{"MISSING":2053,"NOT_MISSING":2261,"TOTAL":4314,"PERCENT_COMPLETE":"52.410755679184"},"deaths":{"MISSING":5,"NOT_MISSING":111,"TOTAL":116,"PERCENT_COMPLETE":"95.6896551724138"},"tests":{"MISSING":136511,"NOT_MISSING":59963,"TOTAL":196474,"PERCENT_COMPLETE":"30.5195598399788"}}