{"cases":{"MISSING":68,"NOT_MISSING":340,"TOTAL":408,"PERCENT_COMPLETE":"83.3333333333333"},"deaths":{"MISSING":1,"NOT_MISSING":10,"TOTAL":11,"PERCENT_COMPLETE":"90.9090909090909"},"tests":{"MISSING":10507,"NOT_MISSING":11792,"TOTAL":22299,"PERCENT_COMPLETE":"52.8812951253419"}}