{"cases":{"MISSING":3098,"NOT_MISSING":3046,"TOTAL":6144,"PERCENT_COMPLETE":"49.5768229166667"},"deaths":{"MISSING":7,"NOT_MISSING":75,"TOTAL":82,"PERCENT_COMPLETE":"91.4634146341463"},"tests":{"MISSING":88302,"NOT_MISSING":32891,"TOTAL":121193,"PERCENT_COMPLETE":"27.1393562334458"}}