{"cases":{"MISSING":1472,"NOT_MISSING":1802,"TOTAL":3274,"PERCENT_COMPLETE":"55.0397067806964"},"deaths":{"MISSING":2,"NOT_MISSING":73,"TOTAL":75,"PERCENT_COMPLETE":"97.3333333333333"},"tests":{"MISSING":57978,"NOT_MISSING":44754,"TOTAL":102732,"PERCENT_COMPLETE":"43.5638360004672"}}