{"cases":{"MISSING":810,"NOT_MISSING":6132,"TOTAL":6942,"PERCENT_COMPLETE":"88.3318928262749"},"deaths":{"MISSING":1,"NOT_MISSING":88,"TOTAL":89,"PERCENT_COMPLETE":"98.876404494382"},"tests":{"MISSING":75818,"NOT_MISSING":85358,"TOTAL":161176,"PERCENT_COMPLETE":"52.9594976919641"}}