{"cases":{"MISSING":398,"NOT_MISSING":289,"TOTAL":687,"PERCENT_COMPLETE":"42.0669577874818"},"deaths":{"MISSING":1,"NOT_MISSING":5,"TOTAL":6,"PERCENT_COMPLETE":"83.3333333333333"},"tests":{"MISSING":10992,"NOT_MISSING":1859,"TOTAL":12851,"PERCENT_COMPLETE":"14.4658003268228"}}