{"cases":{"MISSING":548,"NOT_MISSING":1005,"TOTAL":1553,"PERCENT_COMPLETE":"64.7134578235673"},"deaths":{"MISSING":1,"NOT_MISSING":16,"TOTAL":17,"PERCENT_COMPLETE":"94.1176470588235"},"tests":{"MISSING":19167,"NOT_MISSING":18182,"TOTAL":37349,"PERCENT_COMPLETE":"48.6813569305738"}}