{"cases":{"MISSING":159,"NOT_MISSING":814,"TOTAL":973,"PERCENT_COMPLETE":"83.6587872559096"},"deaths":{"MISSING":3,"NOT_MISSING":50,"TOTAL":53,"PERCENT_COMPLETE":"94.3396226415094"},"tests":{"MISSING":15357,"NOT_MISSING":15562,"TOTAL":30919,"PERCENT_COMPLETE":"50.3315113684142"}}