{"cases":{"MISSING":630,"NOT_MISSING":880,"TOTAL":1510,"PERCENT_COMPLETE":"58.2781456953642"},"deaths":{"MISSING":3,"NOT_MISSING":20,"TOTAL":23,"PERCENT_COMPLETE":"86.9565217391304"},"tests":{"MISSING":23181,"NOT_MISSING":9047,"TOTAL":32228,"PERCENT_COMPLETE":"28.0718629762939"}}